"","X","geschl","flexi","ziele","entsch","kooperation","ueberzeugen","analyse","ma.steuern","ma.entw"
"1",2,"männlich",-1.38360587937932,-1.34366314139383,-0.631616480184777,0.111174381589758,-1.20470192738353,0.496387237029596,-0.888986838271297,-0.229289634304445
"2",3,"männlich",-1.88738799848738,-1.14832478345721,-2.08064778015415,-1.47625494653678,-0.532236036701191,1.2480821301499,-0.648766389675523,-1.03869448181979
"3",4,"männlich",-0.124150581609169,-0.171632993774104,0.196401405512005,-0.352205585519568,-0.532236036701191,-0.496979918179488,0.0718949561117991,-1.16434677099278
"4",5,"männlich",0.127740477944861,1.19573551178224,0.817414819784591,-1.03253244043094,1.0368510415576,0.165264851959901,1.51321764768644,-0.624743539315883
"5",7,"männlich",0.127740477944861,1.00039715384562,0.196401405512005,-0.569152473321613,-0.0839254429129656,0.165264851959901,0.792556301899121,-0.624743539315883
"6",8,"männlich",0.127740477944861,-0.757648067583965,0.4034058769362,0.111174381589758,-0.308080739807078,-0.496979918179488,0.0718949561117991,0.580115213210902
"7",11,"männlich",-1.88738799848738,-0.952986425520586,-0.838620951608973,-0.569152473321613,-2.5496337087482,-1.49034707338857,-1.36942773546285,-1.30849609765824
"8",12,"männlich",0.379631537498892,-0.171632993774104,0.196401405512005,-0.342376855017823,1.0368510415576,0.165264851959901,-0.648766389675523,-0.499091250142894
"9",13,"männlich",-0.124150581609169,0.609720437972378,0.4034058769362,0.111174381589758,0.588540447769372,0.165264851959901,0.312115404707574,-0.354941923477434
"10",14,"männlich",0.127740477944861,-0.952986425520586,-0.217607537336386,0.111174381589758,-0.308080739807078,-0.165857533109793,-0.888986838271297,-0.229289634304445
"11",15,"männlich",-0.124150581609169,-0.562309709647345,0.4034058769362,-0.578981203823359,-0.756391333595304,-0.496979918179488,-0.408545941079748,0.0405119815340044
"12",16,"männlich",0.127740477944861,0.219043722099137,0.196401405512005,1.01827685480492,0.140229853981147,-0.0764074101288791,0.792556301899121,0.849916829049351
"13",17,"männlich",1.89097789482308,1.7817505855921,2.88745953402655,-2.61996176855747,2.15762752602816,1.82087677730838,1.99365854487799,-1.43414838683123
"14",18,"männlich",-0.627932700717231,-1.53900149933045,-1.25262989445736,-0.569152473321613,-0.0839254429129656,-0.496979918179488,-0.168325492483975,0.0405119815340044
"15",19,"männlich",1.38719577571501,1.39107386971886,1.43842823405718,0.111174381589758,1.48516163534582,1.82087677730838,0.792556301899121,0.849916829049351
"16",20,"männlich",1.13530471616098,1.19573551178224,0.817414819784591,-1.03253244043094,1.0368510415576,0.827509622099287,1.27299719909067,-1.70395000266968
"17",21,"männlich",1.38719577571501,1.19573551178224,0.610410348360396,1.24505247310871,1.48516163534582,0.496387237029596,0.792556301899121,1.1197184448878
"18",22,"männlich",-0.3760416411632,0.609720437972378,-0.217607537336386,0.564725618197338,-0.532236036701191,0.254714974940815,0.312115404707574,0.849916829049351
"19",23,"männlich",-0.879823760271261,-0.562309709647345,-0.631616480184777,-0.569152473321613,-0.308080739807078,-0.496979918179488,-0.888986838271297,-0.229289634304445
"20",24,"männlich",1.38719577571501,1.19573551178224,1.02441929120879,-1.25930805873473,1.26100633845171,0.165264851959901,1.99365854487799,1.92912329240315
"21",25,"männlich",-0.124150581609169,0.414382080035757,-0.631616480184777,0.111174381589758,-0.308080739807078,0.58583736001051,-0.888986838271297,-0.499091250142894
"22",26,"männlich",-0.124150581609169,0.0237053641625163,-1.25262989445736,-0.352205585519568,1.0368510415576,-0.496979918179488,0.312115404707574,-0.229289634304445
"23",27,"männlich",0.379631537498892,-0.366971351710725,1.43842823405718,-0.125429967215778,-0.756391333595304,1.48975439223868,-0.168325492483975,-0.229289634304445
"24",28,"männlich",1.38719577571501,0.805058795908998,1.43842823405718,-0.578981203823359,1.0368510415576,0.496387237029596,-0.168325492483975,-0.0851403076389846
"25",29,"männlich",-0.627932700717231,-1.73433985726707,-0.217607537336386,-0.342376855017823,-1.42885722427764,-1.49034707338857,-0.888986838271297,-0.499091250142894
"26",30,"männlich",1.89097789482308,1.39107386971886,1.85243717690557,-1.25930805873473,1.26100633845171,1.82087677730838,1.75343809628222,-1.97375161850813
"27",31,"männlich",1.38719577571501,0.609720437972378,0.817414819784591,-0.125429967215778,0.36438515087526,0.496387237029596,0.552335853303348,-0.624743539315883
"28",32,"männlich",1.13530471616098,1.39107386971886,1.02441929120879,-0.352205585519568,1.0368510415576,0.827509622099287,1.0327767504949,1.1197184448878
"29",33,"männlich",-1.13171481982529,-0.757648067583965,-1.04562542303317,-1.02270370992919,-0.980546630489416,0.254714974940815,-1.36942773546285,0.0405119815340044
"30",34,"männlich",0.631522597052923,0.805058795908998,1.43842823405718,0.337949999893547,0.812695744663485,0.496387237029596,0.0718949561117991,-0.354941923477434
"31",35,"männlich",-1.63549693893335,-2.12501657314031,-1.87364330872995,-1.02270370992919,-1.42885722427764,1.5792045152196,-1.60964818405862,-1.84809932933514
"32",36,"männlich",-0.124150581609169,-0.757648067583965,-0.217607537336386,0.791501236501128,-0.308080739807078,-0.828102303249184,-0.408545941079748,-0.229289634304445
"33",37,"männlich",-1.38360587937932,-1.92967821520369,-2.28765225157834,-1.47625494653678,-1.87716781806587,1.5792045152196,-0.888986838271297,-1.30849609765824
"34",38,"männlich",1.89097789482308,0.805058795908998,0.4034058769362,-0.578981203823359,1.70931693223994,0.496387237029596,1.27299719909067,-1.16434677099278
"35",39,"männlich",0.127740477944861,-0.366971351710725,0.610410348360396,-1.48608367703852,0.140229853981147,0.58583736001051,0.0718949561117991,-0.354941923477434
"36",40,"männlich",-0.879823760271261,1.00039715384562,1.23142376263298,-0.115601236714033,0.588540447769372,-0.496979918179488,-0.408545941079748,0.0405119815340044
"37",41,"männlich",0.883413656606953,-0.952986425520586,-1.25262989445736,-0.342376855017823,-0.980546630489416,0.165264851959901,0.0718949561117991,-0.499091250142894
"38",42,"männlich",-0.3760416411632,-0.757648067583965,0.196401405512005,0.564725618197338,-0.980546630489416,0.165264851959901,-1.84986863265439,-1.30849609765824
"39",43,"männlich",-0.124150581609169,0.609720437972378,0.4034058769362,0.101345651088013,-0.0839254429129656,0.254714974940815,0.0718949561117991,0.310313597372454
"40",44,"männlich",0.631522597052923,0.805058795908998,1.02441929120879,0.337949999893547,0.140229853981147,-0.828102303249184,-0.408545941079748,0.310313597372454
"41",45,"männlich",-0.3760416411632,0.805058795908998,1.02441929120879,0.111174381589758,-0.308080739807078,-0.828102303249184,0.552335853303348,0.580115213210902
"42",46,"männlich",1.63908683526904,1.39107386971886,1.43842823405718,-1.48608367703852,1.70931693223994,1.48975439223868,1.27299719909067,-1.43414838683123
"43",47,"männlich",1.63908683526904,0.414382080035757,0.817414819784591,-0.578981203823359,2.15762752602816,1.15863200716898,0.792556301899121,-0.624743539315883
"44",48,"männlich",0.631522597052923,0.414382080035757,-0.424612008760582,-0.125429967215778,0.140229853981147,0.9169597450802,0.0718949561117991,1.1197184448878
"45",49,"männlich",0.127740477944861,-0.171632993774104,-0.424612008760582,0.564725618197338,0.588540447769372,0.165264851959901,-0.888986838271297,0.310313597372454
"46",50,"männlich",0.883413656606953,0.805058795908998,0.196401405512005,0.337949999893547,0.140229853981147,-0.496979918179488,0.312115404707574,0.580115213210902
"47",51,"männlich",0.631522597052923,1.58641222765548,1.23142376263298,-1.03253244043094,1.0368510415576,-0.828102303249184,1.27299719909067,1.1197184448878
"48",52,"männlich",0.379631537498892,1.19573551178224,0.817414819784591,-1.25930805873473,1.0368510415576,0.827509622099287,-0.648766389675523,0.580115213210902
"49",53,"männlich",0.631522597052923,0.0237053641625163,-0.838620951608973,0.111174381589758,1.26100633845171,-0.828102303249184,1.0327767504949,-1.16434677099278
"50",54,"männlich",-1.13171481982529,0.219043722099137,-0.424612008760582,-1.02270370992919,-0.532236036701191,0.58583736001051,-1.12920728686707,-0.229289634304445
"51",55,"männlich",1.13530471616098,1.39107386971886,1.85243717690557,-1.71285929534231,1.0368510415576,1.48975439223868,1.27299719909067,-1.43414838683123
"52",56,"männlich",-1.38360587937932,-0.366971351710725,-1.25262989445736,-0.115601236714033,-0.980546630489416,1.91032690028929,-0.408545941079748,0.849916829049351
"53",57,"männlich",0.631522597052923,0.414382080035757,-0.0106030659121908,-0.115601236714033,-0.308080739807078,0.496387237029596,0.312115404707574,0.310313597372454
"54",58,"männlich",0.631522597052923,0.219043722099137,1.02441929120879,0.791501236501128,0.140229853981147,0.165264851959901,-0.408545941079748,-0.499091250142894
"55",59,"männlich",-2.39117011759545,-0.171632993774104,0.196401405512005,-2.61013303805573,-2.32547841185409,1.2480821301499,-2.57052997844171,-2.65750417685048
"56",60,"männlich",0.631522597052923,1.39107386971886,1.64543270548137,-1.9396349136461,0.812695744663485,1.15863200716898,1.27299719909067,-0.354941923477434
"57",61,"männlich",-1.63549693893335,-1.34366314139383,-1.25262989445736,0.337949999893547,-1.20470192738353,1.91032690028929,0.312115404707574,-0.354941923477434
"58",62,"männlich",1.13530471616098,0.219043722099137,0.4034058769362,-0.352205585519568,0.36438515087526,-1.49034707338857,0.0718949561117991,-0.354941923477434
"59",63,"männlich",-0.3760416411632,1.58641222765548,1.23142376263298,0.337949999893547,0.588540447769372,1.15863200716898,-0.408545941079748,0.310313597372454
"60",64,"männlich",0.631522597052923,-0.171632993774104,0.610410348360396,0.564725618197338,0.588540447769372,0.165264851959901,0.552335853303348,-0.354941923477434
"61",65,"männlich",0.883413656606953,0.219043722099137,-0.631616480184777,-0.569152473321613,0.140229853981147,-0.496979918179488,0.792556301899121,0.580115213210902
"62",66,"männlich",-0.3760416411632,0.609720437972378,1.23142376263298,0.791501236501128,-0.0839254429129656,-0.496979918179488,-0.168325492483975,0.310313597372454
"63",67,"männlich",1.38719577571501,0.219043722099137,-0.0106030659121908,-0.125429967215778,0.588540447769372,-0.496979918179488,1.99365854487799,-1.16434677099278
"64",68,"männlich",-2.89495223670351,-2.51569328901355,-2.49465672300254,-2.15658180144814,-2.32547841185409,2.24144928535898,-1.12920728686707,-1.03869448181979
"65",69,"männlich",-0.3760416411632,-0.366971351710725,-1.04562542303317,-0.569152473321613,-1.20470192738353,-0.165857533109793,-1.36942773546285,0.0405119815340044
"66",70,"männlich",0.631522597052923,0.219043722099137,-0.0106030659121908,0.111174381589758,0.140229853981147,0.827509622099287,-0.648766389675523,-1.30849609765824
"67",71,"männlich",1.13530471616098,0.609720437972378,0.610410348360396,-0.352205585519568,1.48516163534582,0.496387237029596,0.792556301899121,-0.354941923477434
"68",72,"männlich",-0.627932700717231,1.00039715384562,0.610410348360396,0.337949999893547,-0.532236036701191,-0.496979918179488,0.312115404707574,0.580115213210902
"69",73,"männlich",0.883413656606953,0.805058795908998,0.817414819784591,0.791501236501128,0.36438515087526,1.15863200716898,1.27299719909067,0.580115213210902
"70",74,"männlich",-1.88738799848738,-1.34366314139383,-1.04562542303317,-2.83690865635951,-2.10132311495998,-0.828102303249184,-2.81075042703749,-2.11790094517359
"71",75,"männlich",-0.3760416411632,0.219043722099137,1.02441929120879,1.4718280914125,-0.308080739807078,0.496387237029596,0.312115404707574,-0.229289634304445
"72",76,"männlich",1.13530471616098,0.609720437972378,0.610410348360396,-1.03253244043094,0.588540447769372,-0.0764074101288791,1.51321764768644,-0.354941923477434
"73",77,"männlich",1.63908683526904,0.219043722099137,0.817414819784591,-1.03253244043094,0.812695744663485,-0.165857533109793,1.27299719909067,-0.624743539315883
"74",78,"männlich",0.127740477944861,0.0237053641625163,-0.424612008760582,-0.115601236714033,0.36438515087526,-0.0764074101288791,0.552335853303348,0.310313597372454
"75",79,"männlich",1.38719577571501,1.7817505855921,1.23142376263298,-1.25930805873473,1.26100633845171,0.496387237029596,1.51321764768644,-0.894545155154332
"76",80,"männlich",0.883413656606953,1.19573551178224,1.43842823405718,-1.25930805873473,0.588540447769372,-0.828102303249184,0.312115404707574,0.580115213210902
"77",81,"männlich",-0.124150581609169,-0.952986425520586,-0.424612008760582,-0.115601236714033,-0.532236036701191,0.496387237029596,0.0718949561117991,-0.229289634304445
"78",82,"männlich",-1.63549693893335,0.0237053641625163,-0.217607537336386,-1.47625494653678,-1.87716781806587,0.254714974940815,-1.60964818405862,-1.30849609765824
"79",83,"männlich",0.127740477944861,0.0237053641625163,0.4034058769362,-0.125429967215778,-0.0839254429129656,0.254714974940815,-0.168325492483975,-0.499091250142894
"80",84,"männlich",0.379631537498892,0.219043722099137,0.4034058769362,0.791501236501128,-0.0839254429129656,-0.828102303249184,0.552335853303348,-0.768892865981339
"81",85,"männlich",0.631522597052923,0.219043722099137,0.4034058769362,0.337949999893547,-0.0839254429129656,-0.828102303249184,1.27299719909067,-0.354941923477434
"82",86,"männlich",0.631522597052923,0.609720437972378,1.43842823405718,-0.578981203823359,0.36438515087526,1.48975439223868,0.552335853303348,-1.16434677099278
"83",87,"männlich",1.13530471616098,0.0237053641625163,0.817414819784591,0.564725618197338,0.812695744663485,0.827509622099287,0.792556301899121,-1.43414838683123
"84",88,"männlich",1.13530471616098,0.609720437972378,-0.0106030659121908,-0.352205585519568,0.36438515087526,-0.165857533109793,0.312115404707574,0.580115213210902
"85",89,"männlich",-0.3760416411632,0.0237053641625163,0.817414819784591,0.337949999893547,-0.308080739807078,0.496387237029596,0.312115404707574,-0.229289634304445
"86",90,"männlich",1.38719577571501,1.19573551178224,1.43842823405718,0.791501236501128,1.70931693223994,1.82087677730838,0.792556301899121,-0.0851403076389846
"87",91,"männlich",0.379631537498892,0.219043722099137,-0.0106030659121908,-0.569152473321613,0.36438515087526,0.165264851959901,0.552335853303348,0.849916829049351
"88",92,"männlich",-0.124150581609169,-0.562309709647345,-0.217607537336386,-0.569152473321613,0.36438515087526,-0.496979918179488,-0.168325492483975,-0.499091250142894
"89",93,"männlich",-1.13171481982529,-0.952986425520586,-0.424612008760582,-1.47625494653678,-0.0839254429129656,1.15863200716898,-0.888986838271297,-0.229289634304445
"90",94,"männlich",-0.3760416411632,-0.171632993774104,-0.424612008760582,-0.115601236714033,0.36438515087526,0.165264851959901,0.312115404707574,0.580115213210902
"91",95,"männlich",0.883413656606953,0.805058795908998,0.610410348360396,-0.80575682212715,0.812695744663485,0.496387237029596,0.552335853303348,2.19892490824159
"92",96,"männlich",-1.63549693893335,-2.51569328901355,-2.28765225157834,-1.02270370992919,-1.65301252117175,0.9169597450802,-1.84986863265439,-1.30849609765824
"93",97,"männlich",0.127740477944861,0.0237053641625163,-0.424612008760582,0.337949999893547,0.588540447769372,-0.165857533109793,0.0718949561117991,0.0405119815340044
"94",98,"männlich",-0.627932700717231,0.414382080035757,0.4034058769362,-0.342376855017823,0.140229853981147,-0.828102303249184,-0.168325492483975,0.0405119815340044
"95",99,"männlich",-0.124150581609169,-0.562309709647345,-1.25262989445736,0.111174381589758,1.0368510415576,0.9169597450802,0.312115404707574,-0.624743539315883
"96",100,"männlich",1.63908683526904,1.58641222765548,1.64543270548137,-0.80575682212715,1.93347222913405,1.82087677730838,0.312115404707574,-0.624743539315883
"97",101,"männlich",-1.13171481982529,0.0237053641625163,0.196401405512005,0.111174381589758,0.140229853981147,0.165264851959901,0.312115404707574,0.0405119815340044
"98",102,"männlich",0.883413656606953,1.39107386971886,0.610410348360396,0.337949999893547,-0.0839254429129656,-0.165857533109793,0.0718949561117991,-0.0851403076389846
"99",103,"männlich",0.127740477944861,0.0237053641625163,-0.217607537336386,-0.352205585519568,-0.756391333595304,0.496387237029596,-0.888986838271297,0.310313597372454
"100",104,"männlich",1.13530471616098,0.805058795908998,0.610410348360396,-1.25930805873473,0.36438515087526,-0.496979918179488,1.0327767504949,-0.624743539315883
"101",105,"männlich",0.631522597052923,0.609720437972378,1.02441929120879,-0.80575682212715,0.812695744663485,0.165264851959901,1.27299719909067,-0.624743539315883
"102",106,"männlich",0.379631537498892,0.219043722099137,0.817414819784591,0.791501236501128,-0.756391333595304,0.165264851959901,-0.408545941079748,0.310313597372454
"103",107,"männlich",-0.3760416411632,0.805058795908998,1.02441929120879,0.791501236501128,0.36438515087526,0.165264851959901,0.0718949561117991,0.0405119815340044
"104",108,"männlich",0.631522597052923,1.58641222765548,1.43842823405718,-1.25930805873473,1.26100633845171,0.827509622099287,1.27299719909067,-1.16434677099278
"105",109,"männlich",0.127740477944861,0.0237053641625163,0.196401405512005,0.564725618197338,0.36438515087526,0.58583736001051,0.312115404707574,1.1197184448878
"106",110,"männlich",-0.3760416411632,-0.757648067583965,-0.424612008760582,-0.342376855017823,-1.20470192738353,-0.828102303249184,-0.648766389675523,0.849916829049351
"107",111,"männlich",0.883413656606953,1.58641222765548,1.02441929120879,-1.03253244043094,2.15762752602816,1.15863200716898,1.75343809628222,-1.16434677099278
"108",112,"männlich",0.127740477944861,1.19573551178224,0.817414819784591,-0.352205585519568,1.48516163534582,0.827509622099287,0.552335853303348,-0.624743539315883
"109",113,"männlich",-0.3760416411632,-0.171632993774104,-0.631616480184777,0.337949999893547,-0.0839254429129656,0.165264851959901,0.0718949561117991,-0.229289634304445
"110",114,"männlich",-0.124150581609169,-0.171632993774104,0.196401405512005,0.791501236501128,-0.532236036701191,-0.165857533109793,0.0718949561117991,0.310313597372454
"111",115,"männlich",-0.3760416411632,0.414382080035757,0.4034058769362,0.337949999893547,0.588540447769372,0.165264851959901,0.312115404707574,-0.354941923477434
"112",116,"männlich",0.631522597052923,1.19573551178224,-0.0106030659121908,0.337949999893547,-0.0839254429129656,0.496387237029596,-0.408545941079748,-0.499091250142894
"113",117,"männlich",0.127740477944861,0.609720437972378,0.4034058769362,0.337949999893547,0.140229853981147,-0.165857533109793,0.312115404707574,-0.354941923477434
"114",118,"männlich",0.127740477944861,1.00039715384562,1.02441929120879,0.337949999893547,0.36438515087526,0.827509622099287,-0.648766389675523,0.0405119815340044
"115",119,"männlich",-1.63549693893335,-1.73433985726707,-1.04562542303317,-1.24947932823298,-1.65301252117175,-1.15922468831888,-1.12920728686707,-0.768892865981339
"116",120,"männlich",-0.124150581609169,-0.562309709647345,0.4034058769362,0.111174381589758,-0.0839254429129656,0.165264851959901,-1.12920728686707,-1.03869448181979
"117",121,"männlich",0.883413656606953,1.58641222765548,1.02441929120879,-0.578981203823359,1.48516163534582,1.48975439223868,0.552335853303348,-0.354941923477434
"118",122,"männlich",0.127740477944861,0.0237053641625163,-0.424612008760582,0.337949999893547,-1.20470192738353,0.58583736001051,-1.36942773546285,0.849916829049351
"119",123,"männlich",1.13530471616098,0.414382080035757,0.196401405512005,-0.352205585519568,1.0368510415576,0.496387237029596,1.0327767504949,-0.894545155154332
"120",124,"männlich",-1.88738799848738,-2.90637000488679,-2.70166119442673,-1.92980618314435,-2.10132311495998,1.91032690028929,-2.33030952984594,-2.38770256101204
"121",125,"männlich",-1.88738799848738,-0.952986425520586,-1.25262989445736,-1.02270370992919,-1.65301252117175,-0.496979918179488,-2.09008908125017,-1.57829771349669
"122",126,"männlich",-1.13171481982529,-0.171632993774104,-0.631616480184777,-0.115601236714033,-1.20470192738353,1.5792045152196,-0.648766389675523,0.849916829049351
"123",127,"männlich",0.883413656606953,1.58641222765548,1.64543270548137,-1.03253244043094,0.140229853981147,-0.496979918179488,1.0327767504949,-0.624743539315883
"124",128,"männlich",0.127740477944861,1.19573551178224,0.4034058769362,0.791501236501128,0.36438515087526,0.254714974940815,1.0327767504949,1.38952006072625
"125",129,"männlich",-0.627932700717231,0.609720437972378,0.4034058769362,-0.342376855017823,-1.20470192738353,-0.0764074101288791,-0.408545941079748,-0.499091250142894
"126",130,"männlich",1.13530471616098,1.00039715384562,0.610410348360396,1.4718280914125,1.70931693223994,0.827509622099287,1.27299719909067,-1.97375161850813
"127",131,"männlich",-0.3760416411632,-0.366971351710725,-1.25262989445736,-0.115601236714033,-0.532236036701191,-0.496979918179488,-0.408545941079748,0.310313597372454
"128",132,"männlich",0.379631537498892,0.219043722099137,1.02441929120879,0.337949999893547,1.0368510415576,0.827509622099287,-0.408545941079748,0.0405119815340044
"129",133,"männlich",0.631522597052923,0.0237053641625163,-0.217607537336386,-0.342376855017823,0.36438515087526,0.165264851959901,-0.168325492483975,0.0405119815340044
"130",134,"männlich",0.379631537498892,0.219043722099137,-0.631616480184777,0.564725618197338,0.588540447769372,-0.165857533109793,-0.888986838271297,-0.499091250142894
"131",135,"männlich",0.127740477944861,0.805058795908998,0.4034058769362,-0.125429967215778,0.140229853981147,0.827509622099287,0.792556301899121,0.0405119815340044
"132",136,"männlich",-1.13171481982529,-0.952986425520586,-0.838620951608973,-0.795928091625404,-1.42885722427764,0.254714974940815,-1.60964818405862,-1.30849609765824
"133",137,"männlich",-0.3760416411632,0.0237053641625163,0.196401405512005,0.791501236501128,0.140229853981147,-0.496979918179488,-0.408545941079748,-0.499091250142894
"134",138,"männlich",-0.879823760271261,-0.952986425520586,-0.217607537336386,-0.342376855017823,-1.20470192738353,-0.0764074101288791,-1.60964818405862,-1.03869448181979
"135",139,"männlich",-0.124150581609169,-0.562309709647345,-1.04562542303317,-0.795928091625404,-0.0839254429129656,0.165264851959901,0.0718949561117991,0.310313597372454
"136",140,"männlich",-0.124150581609169,-0.171632993774104,-0.217607537336386,-0.115601236714033,-0.532236036701191,-0.165857533109793,-0.408545941079748,-0.499091250142894
"137",141,"männlich",0.883413656606953,0.414382080035757,0.610410348360396,0.101345651088013,1.93347222913405,0.496387237029596,1.51321764768644,-1.43414838683123
"138",142,"männlich",0.127740477944861,0.219043722099137,-0.0106030659121908,-0.115601236714033,1.0368510415576,0.165264851959901,1.0327767504949,1.1197184448878
"139",143,"männlich",0.379631537498892,-0.366971351710725,-0.0106030659121908,-0.342376855017823,-0.308080739807078,-0.165857533109793,0.312115404707574,-1.16434677099278
"140",144,"männlich",-0.3760416411632,-0.562309709647345,0.196401405512005,-0.342376855017823,-1.20470192738353,-0.165857533109793,-0.648766389675523,-0.229289634304445
"141",145,"männlich",1.13530471616098,1.00039715384562,0.610410348360396,-0.352205585519568,1.0368510415576,1.15863200716898,1.51321764768644,1.1197184448878
"142",146,"männlich",-0.627932700717231,-0.562309709647345,-0.424612008760582,-1.24947932823298,-0.756391333595304,0.496387237029596,-0.648766389675523,-0.499091250142894
"143",147,"männlich",-0.124150581609169,-0.171632993774104,-0.631616480184777,-0.569152473321613,-0.0839254429129656,-0.828102303249184,-0.168325492483975,0.0405119815340044
"144",148,"männlich",0.127740477944861,0.219043722099137,1.23142376263298,0.337949999893547,0.140229853981147,0.496387237029596,-0.408545941079748,0.580115213210902
"145",149,"männlich",0.127740477944861,-0.171632993774104,-1.25262989445736,0.337949999893547,-0.532236036701191,0.58583736001051,0.312115404707574,-0.354941923477434
"146",150,"männlich",-0.3760416411632,-0.171632993774104,-0.0106030659121908,-0.342376855017823,0.140229853981147,1.48975439223868,-1.12920728686707,0.580115213210902
"147",151,"männlich",-1.88738799848738,-1.34366314139383,-0.217607537336386,-0.569152473321613,-2.10132311495998,-0.496979918179488,-0.648766389675523,-1.30849609765824
"148",152,"männlich",-1.38360587937932,-0.366971351710725,-1.45963436588156,-1.24947932823298,-0.756391333595304,-0.496979918179488,-0.408545941079748,-0.499091250142894
"149",153,"männlich",-0.627932700717231,0.0237053641625163,-0.631616480184777,-0.115601236714033,-1.65301252117175,1.5792045152196,0.312115404707574,-0.0851403076389846
"150",154,"männlich",0.631522597052923,1.19573551178224,1.64543270548137,-0.125429967215778,1.48516163534582,1.82087677730838,-0.408545941079748,0.849916829049351
"151",155,"männlich",-1.88738799848738,-1.73433985726707,-1.66663883730575,-2.61013303805573,-1.42885722427764,-1.49034707338857,-1.84986863265439,-1.03869448181979
"152",156,"männlich",-1.88738799848738,-1.92967821520369,-1.04562542303317,-0.795928091625404,-1.87716781806587,1.91032690028929,-1.60964818405862,-0.499091250142894
"153",157,"männlich",0.883413656606953,1.00039715384562,-0.0106030659121908,1.01827685480492,0.812695744663485,-0.828102303249184,1.0327767504949,-0.624743539315883
"154",158,"männlich",1.38719577571501,1.19573551178224,1.02441929120879,-0.80575682212715,1.48516163534582,1.15863200716898,0.552335853303348,0.849916829049351
"155",159,"männlich",0.883413656606953,0.805058795908998,0.196401405512005,-0.578981203823359,0.588540447769372,-0.496979918179488,1.51321764768644,-0.354941923477434
"156",160,"männlich",0.883413656606953,1.7817505855921,1.43842823405718,-0.80575682212715,1.70931693223994,1.15863200716898,0.792556301899121,-0.894545155154332
"157",161,"männlich",-0.627932700717231,-1.14832478345721,-1.04562542303317,-0.342376855017823,0.140229853981147,-0.828102303249184,-0.168325492483975,0.0405119815340044
"158",162,"männlich",-0.879823760271261,-0.366971351710725,-1.04562542303317,-0.115601236714033,-0.308080739807078,-1.15922468831888,-0.648766389675523,-1.03869448181979
"159",163,"männlich",0.379631537498892,0.219043722099137,0.817414819784591,0.337949999893547,1.48516163534582,-0.165857533109793,0.312115404707574,0.580115213210902
"160",164,"männlich",1.38719577571501,1.00039715384562,2.05944164832976,-2.39318615025369,1.48516163534582,0.827509622099287,1.75343809628222,-0.354941923477434
"161",165,"männlich",0.379631537498892,0.609720437972378,0.610410348360396,1.01827685480492,-0.532236036701191,0.496387237029596,0.552335853303348,-0.0851403076389846
"162",166,"männlich",-0.627932700717231,-1.34366314139383,-1.45963436588156,-0.569152473321613,-0.532236036701191,0.496387237029596,-0.168325492483975,0.0405119815340044
"163",167,"männlich",-0.879823760271261,-0.757648067583965,-1.04562542303317,0.337949999893547,-0.308080739807078,-0.828102303249184,-0.408545941079748,-0.229289634304445
"164",168,"männlich",-0.3760416411632,-1.73433985726707,-0.631616480184777,-1.24947932823298,-1.42885722427764,0.254714974940815,-1.36942773546285,-0.768892865981339
"165",169,"männlich",0.127740477944861,-0.366971351710725,-0.217607537336386,0.101345651088013,0.140229853981147,-0.165857533109793,-0.648766389675523,-0.229289634304445
"166",170,"männlich",-0.250096111386185,0.0237053641625163,0.4034058769362,0.715909363733199,1.0368510415576,-0.0764074101288791,1.0327767504949,-0.894545155154332
"167",171,"männlich",-1.88738799848738,-1.92967821520369,-1.45963436588156,-0.342376855017823,-1.65301252117175,0.165264851959901,-0.648766389675523,-0.499091250142894
"168",172,"männlich",-0.124150581609169,-0.366971351710725,-0.0106030659121908,0.111174381589758,-0.532236036701191,0.827509622099287,0.312115404707574,0.0405119815340044
"169",173,"männlich",-0.627932700717231,0.219043722099137,-0.217607537336386,0.337949999893547,-0.308080739807078,1.2480821301499,0.312115404707574,-0.0851403076389846
"170",174,"männlich",0.883413656606953,1.58641222765548,0.817414819784591,-0.80575682212715,1.0368510415576,0.496387237029596,1.75343809628222,-0.624743539315883
"171",175,"männlich",0.379631537498892,0.0237053641625163,-1.25262989445736,-1.03253244043094,-0.308080739807078,0.9169597450802,0.312115404707574,-0.354941923477434
"172",176,"männlich",1.13530471616098,1.00039715384562,1.02441929120879,-1.03253244043094,0.812695744663485,0.165264851959901,1.0327767504949,-0.894545155154332
"173",177,"männlich",-0.627932700717231,-0.366971351710725,-1.25262989445736,0.337949999893547,-0.532236036701191,0.9169597450802,-0.168325492483975,-0.499091250142894
"174",178,"männlich",-0.627932700717231,0.0237053641625163,-0.424612008760582,-0.115601236714033,-0.0839254429129656,0.165264851959901,-0.168325492483975,0.580115213210902
"175",179,"männlich",0.127740477944861,-0.171632993774104,0.610410348360396,-0.125429967215778,-0.308080739807078,-0.828102303249184,0.312115404707574,0.580115213210902
"176",180,"männlich",-0.879823760271261,-1.14832478345721,-0.631616480184777,-0.795928091625404,-0.756391333595304,-0.828102303249184,-0.888986838271297,-0.499091250142894
"177",181,"männlich",-1.63549693893335,-1.53900149933045,-0.631616480184777,-0.569152473321613,-2.10132311495998,0.9169597450802,-1.36942773546285,-1.03869448181979
"178",182,"männlich",-2.39117011759545,-1.53900149933045,-1.45963436588156,-1.24947932823298,-1.65301252117175,2.90369405549838,-0.648766389675523,0.0405119815340044
"179",183,"männlich",0.127740477944861,-1.14832478345721,0.610410348360396,-0.352205585519568,-0.0839254429129656,-0.165857533109793,0.0718949561117991,0.580115213210902
"180",184,"männlich",0.631522597052923,1.39107386971886,1.23142376263298,0.564725618197338,1.26100633845171,0.827509622099287,-0.648766389675523,-0.0851403076389846
"181",185,"männlich",1.13530471616098,1.19573551178224,2.05944164832976,-1.9396349136461,2.38178282292227,0.496387237029596,1.0327767504949,-1.16434677099278
"182",186,"männlich",0.883413656606953,1.00039715384562,1.43842823405718,-1.25930805873473,1.48516163534582,-0.165857533109793,0.0718949561117991,-0.894545155154332
"183",187,"männlich",-0.879823760271261,-1.34366314139383,-1.04562542303317,-0.795928091625404,-0.980546630489416,0.165264851959901,-1.84986863265439,-1.03869448181979
"184",188,"männlich",1.38719577571501,1.39107386971886,1.64543270548137,-1.71285929534231,0.140229853981147,-0.165857533109793,1.27299719909067,-1.16434677099278
"185",189,"männlich",-1.63549693893335,-1.53900149933045,-1.66663883730575,-1.70303056484057,-0.980546630489416,0.254714974940815,-0.648766389675523,-0.229289634304445
"186",190,"männlich",0.883413656606953,1.00039715384562,1.02441929120879,-0.578981203823359,1.70931693223994,1.15863200716898,-0.168325492483975,0.580115213210902
"187",191,"männlich",-0.124150581609169,0.219043722099137,-0.0106030659121908,0.337949999893547,1.26100633845171,-0.496979918179488,0.792556301899121,-0.894545155154332
"188",192,"männlich",-1.38360587937932,-1.92967821520369,-0.838620951608973,-1.02270370992919,-0.756391333595304,0.58583736001051,-0.648766389675523,-0.229289634304445
"189",193,"männlich",0.127740477944861,1.7817505855921,1.02441929120879,0.564725618197338,1.26100633845171,0.827509622099287,1.0327767504949,-0.624743539315883
"190",194,"männlich",0.379631537498892,-0.171632993774104,-0.0106030659121908,0.111174381589758,-0.532236036701191,-0.496979918179488,0.312115404707574,0.849916829049351
"191",195,"männlich",-0.124150581609169,0.609720437972378,-0.424612008760582,0.791501236501128,-0.0839254429129656,-0.496979918179488,1.51321764768644,1.1197184448878
"192",196,"männlich",-0.3760416411632,0.0237053641625163,-0.217607537336386,0.791501236501128,0.36438515087526,1.15863200716898,0.0718949561117991,0.0405119815340044
"193",197,"männlich",-0.3760416411632,-1.34366314139383,-1.25262989445736,-1.24947932823298,-1.20470192738353,-1.15922468831888,-1.12920728686707,-0.768892865981339
"194",198,"männlich",-0.124150581609169,1.00039715384562,-0.217607537336386,-0.569152473321613,0.36438515087526,-0.496979918179488,0.0718949561117991,-0.0851403076389846
"195",199,"männlich",-1.13171481982529,0.609720437972378,0.196401405512005,0.791501236501128,-0.756391333595304,-0.496979918179488,-0.408545941079748,0.310313597372454
"196",200,"männlich",-0.627932700717231,-0.757648067583965,-0.631616480184777,-0.115601236714033,-0.980546630489416,0.58583736001051,-0.648766389675523,-0.229289634304445
"197",201,"männlich",0.127740477944861,0.219043722099137,-0.0106030659121908,-0.115601236714033,0.812695744663485,-0.165857533109793,0.552335853303348,0.580115213210902
"198",202,"männlich",0.631522597052923,0.609720437972378,0.817414819784591,0.791501236501128,0.140229853981147,0.496387237029596,0.552335853303348,-0.0851403076389846
"199",203,"männlich",-1.38360587937932,-2.32035493107693,-2.49465672300254,-0.342376855017823,-1.42885722427764,0.58583736001051,-0.648766389675523,-0.768892865981339
"200",204,"männlich",0.379631537498892,0.219043722099137,-0.217607537336386,1.01827685480492,0.140229853981147,0.165264851959901,0.0718949561117991,0.310313597372454
"201",205,"männlich",-0.879823760271261,-1.14832478345721,-1.04562542303317,-0.115601236714033,-0.980546630489416,0.58583736001051,-1.12920728686707,-0.499091250142894
"202",206,"männlich",-2.64306117714948,-1.14832478345721,-1.66663883730575,-1.70303056484057,-1.20470192738353,0.58583736001051,-1.60964818405862,-0.499091250142894
"203",207,"männlich",-1.88738799848738,-0.757648067583965,-1.25262989445736,-0.795928091625404,-1.87716781806587,-0.0764074101288791,-1.12920728686707,-1.03869448181979
"204",208,"männlich",0.379631537498892,0.609720437972378,0.4034058769362,-0.342376855017823,0.588540447769372,0.827509622099287,-0.168325492483975,0.310313597372454
"205",209,"männlich",-1.13171481982529,-0.757648067583965,-0.838620951608973,0.111174381589758,-0.756391333595304,0.496387237029596,-0.648766389675523,0.580115213210902
"206",210,"männlich",-0.124150581609169,-1.34366314139383,0.817414819784591,0.111174381589758,-0.532236036701191,-0.165857533109793,-1.60964818405862,-0.768892865981339
"207",211,"männlich",0.631522597052923,0.219043722099137,-0.217607537336386,-0.578981203823359,-0.308080739807078,0.9169597450802,0.312115404707574,0.580115213210902
"208",212,"männlich",0.127740477944861,0.414382080035757,-0.631616480184777,0.101345651088013,0.140229853981147,-0.828102303249184,-0.408545941079748,-0.229289634304445
"209",213,"männlich",0.127740477944861,0.219043722099137,0.4034058769362,0.564725618197338,0.36438515087526,0.165264851959901,0.552335853303348,-0.0851403076389846
"210",214,"männlich",0.379631537498892,0.219043722099137,0.610410348360396,0.564725618197338,0.36438515087526,-0.496979918179488,0.792556301899121,1.1197184448878
"211",215,"männlich",0.127740477944861,0.609720437972378,-0.217607537336386,-0.569152473321613,0.140229853981147,1.15863200716898,-0.168325492483975,-0.624743539315883
"212",216,"männlich",0.631522597052923,1.00039715384562,0.817414819784591,-0.578981203823359,2.38178282292227,-0.0764074101288791,1.75343809628222,-1.97375161850813
"213",217,"männlich",-0.879823760271261,-0.366971351710725,-0.217607537336386,0.791501236501128,-0.756391333595304,-0.496979918179488,-1.60964818405862,-0.768892865981339
"214",218,"männlich",0.127740477944861,0.609720437972378,-0.424612008760582,0.791501236501128,0.588540447769372,-0.165857533109793,0.312115404707574,0.184661308199464
"215",219,"männlich",-0.627932700717231,0.219043722099137,-0.424612008760582,-0.115601236714033,-0.308080739807078,-0.828102303249184,-0.408545941079748,0.310313597372454
"216",220,"männlich",1.13530471616098,1.58641222765548,1.85243717690557,-1.25930805873473,1.48516163534582,0.827509622099287,1.0327767504949,-0.894545155154332
"217",221,"männlich",1.89097789482308,1.00039715384562,1.23142376263298,-1.25930805873473,0.36438515087526,0.496387237029596,1.27299719909067,-1.16434677099278
"218",222,"männlich",0.127740477944861,-0.171632993774104,0.4034058769362,0.564725618197338,-0.308080739807078,0.496387237029596,-1.36942773546285,-0.229289634304445
"219",223,"männlich",0.631522597052923,0.609720437972378,0.817414819784591,-0.352205585519568,0.812695744663485,0.496387237029596,0.312115404707574,-1.43414838683123
"220",224,"männlich",-1.88738799848738,-1.73433985726707,-0.838620951608973,-0.795928091625404,-1.87716781806587,0.58583736001051,-1.12920728686707,-0.499091250142894
"221",225,"männlich",0.379631537498892,-0.366971351710725,-0.631616480184777,0.337949999893547,0.36438515087526,-0.496979918179488,0.792556301899121,-0.0851403076389846
"222",226,"männlich",0.379631537498892,1.00039715384562,1.43842823405718,-0.352205585519568,0.812695744663485,0.496387237029596,0.552335853303348,-0.354941923477434
"223",227,"männlich",1.13530471616098,0.414382080035757,0.610410348360396,-0.352205585519568,1.0368510415576,0.165264851959901,1.27299719909067,-0.0851403076389846
"224",228,"männlich",-0.124150581609169,-0.562309709647345,0.4034058769362,0.564725618197338,-0.0839254429129656,0.496387237029596,-1.12920728686707,0.0405119815340044
"225",229,"männlich",0.379631537498892,0.0237053641625163,-0.631616480184777,-0.569152473321613,-1.20470192738353,-1.15922468831888,-0.888986838271297,-0.499091250142894
"226",230,"männlich",-1.38360587937932,-2.32035493107693,-2.08064778015415,-2.15658180144814,-1.65301252117175,-1.15922468831888,-2.81075042703749,-1.57829771349669
"227",231,"männlich",-1.63549693893335,-1.34366314139383,-1.45963436588156,-1.47625494653678,-1.42885722427764,1.2480821301499,-2.09008908125017,-1.57829771349669
"228",232,"männlich",-0.879823760271261,0.0237053641625163,1.23142376263298,1.01827685480492,0.36438515087526,0.58583736001051,0.312115404707574,0.0405119815340044
"229",233,"männlich",0.631522597052923,1.39107386971886,1.43842823405718,-0.80575682212715,0.588540447769372,0.827509622099287,1.0327767504949,-0.624743539315883
"230",234,"männlich",0.883413656606953,1.39107386971886,0.610410348360396,0.791501236501128,0.812695744663485,0.254714974940815,0.552335853303348,-0.0851403076389846
"231",235,"männlich",-1.38360587937932,-1.92967821520369,-1.66663883730575,-1.02270370992919,-1.42885722427764,1.91032690028929,-0.408545941079748,-1.03869448181979
"232",236,"männlich",1.63908683526904,0.805058795908998,1.64543270548137,-0.125429967215778,1.26100633845171,0.827509622099287,1.27299719909067,-1.16434677099278
"233",237,"männlich",0.379631537498892,0.805058795908998,0.610410348360396,0.791501236501128,-0.308080739807078,-0.165857533109793,0.312115404707574,-0.229289634304445
"234",238,"männlich",-0.627932700717231,1.19573551178224,1.02441929120879,0.337949999893547,-0.308080739807078,-0.165857533109793,-0.888986838271297,-0.229289634304445
"235",239,"männlich",-0.627932700717231,-0.562309709647345,-1.04562542303317,0.101345651088013,-0.756391333595304,0.9169597450802,-0.888986838271297,-0.229289634304445
"236",240,"männlich",-0.3760416411632,-1.53900149933045,-1.66663883730575,-0.342376855017823,-0.532236036701191,1.5792045152196,-0.408545941079748,-0.0851403076389846
"237",241,"männlich",-0.879823760271261,-0.171632993774104,0.4034058769362,0.564725618197338,-0.756391333595304,0.165264851959901,-1.84986863265439,-0.768892865981339
"238",242,"männlich",0.379631537498892,-0.366971351710725,-1.87364330872995,0.337949999893547,0.588540447769372,1.5792045152196,0.792556301899121,0.849916829049351
"239",243,"männlich",1.63908683526904,1.19573551178224,2.05944164832976,-1.9396349136461,0.812695744663485,2.15199916237807,1.0327767504949,-1.16434677099278
"240",244,"männlich",0.883413656606953,0.219043722099137,0.817414819784591,-0.352205585519568,0.588540447769372,0.827509622099287,0.312115404707574,-0.768892865981339
"241",245,"männlich",0.127740477944861,0.414382080035757,-0.0106030659121908,0.328121269391802,-0.980546630489416,-0.828102303249184,-0.168325492483975,-0.499091250142894
"242",246,"männlich",-1.13171481982529,0.0237053641625163,-0.424612008760582,-0.569152473321613,-0.756391333595304,0.165264851959901,-0.648766389675523,-1.57829771349669
"243",247,"männlich",0.631522597052923,1.19573551178224,1.43842823405718,-1.48608367703852,1.70931693223994,0.165264851959901,1.27299719909067,-1.16434677099278
"244",248,"männlich",0.127740477944861,-0.757648067583965,-0.217607537336386,-0.115601236714033,-0.756391333595304,-1.15922468831888,-0.168325492483975,-0.229289634304445
"245",249,"männlich",-1.13171481982529,-0.952986425520586,-1.04562542303317,0.111174381589758,-0.0839254429129656,-0.165857533109793,-1.12920728686707,-1.57829771349669
"246",250,"männlich",0.883413656606953,-0.171632993774104,0.196401405512005,0.337949999893547,-0.0839254429129656,-1.15922468831888,0.312115404707574,-0.894545155154332
"247",251,"männlich",2.14286895437711,2.17242730146534,1.43842823405718,-1.48608367703852,2.60593811981639,1.48975439223868,2.23387899347377,1.1197184448878
"248",252,"männlich",0.631522597052923,-0.366971351710725,-0.631616480184777,-0.569152473321613,-0.532236036701191,-1.15922468831888,0.312115404707574,-0.499091250142894
"249",253,"männlich",-0.879823760271261,-1.34366314139383,-0.424612008760582,-1.47625494653678,-0.756391333595304,-0.165857533109793,-1.60964818405862,-1.84809932933514
"250",254,"männlich",-0.879823760271261,-0.952986425520586,-0.217607537336386,0.564725618197338,-0.980546630489416,-1.15922468831888,-1.84986863265439,-0.229289634304445
"251",255,"männlich",0.379631537498892,-1.34366314139383,-1.45963436588156,-0.569152473321613,-1.20470192738353,-1.15922468831888,-1.12920728686707,-1.03869448181979
"252",256,"männlich",-0.124150581609169,-0.171632993774104,-0.424612008760582,-0.125429967215778,-0.532236036701191,0.9169597450802,-0.648766389675523,0.580115213210902
"253",257,"männlich",-0.3760416411632,-0.366971351710725,-0.424612008760582,0.564725618197338,-0.980546630489416,-1.49034707338857,-0.888986838271297,-1.03869448181979
"254",258,"männlich",-1.63549693893335,-1.53900149933045,-1.25262989445736,-1.47625494653678,-1.65301252117175,-1.49034707338857,-1.60964818405862,-1.57829771349669
"255",259,"männlich",-0.124150581609169,0.219043722099137,-0.0106030659121908,0.564725618197338,-0.0839254429129656,-0.165857533109793,0.0718949561117991,-0.0851403076389846
"256",260,"männlich",0.127740477944861,0.414382080035757,1.02441929120879,-0.80575682212715,0.588540447769372,-0.165857533109793,-0.168325492483975,0.580115213210902
"257",261,"männlich",-0.124150581609169,-0.366971351710725,-0.424612008760582,0.111174381589758,0.36438515087526,-0.496979918179488,0.792556301899121,0.580115213210902
"258",262,"männlich",-1.63549693893335,-0.562309709647345,-0.0106030659121908,0.337949999893547,-0.756391333595304,-0.828102303249184,-1.84986863265439,-1.30849609765824
"259",263,"männlich",-1.38360587937932,-0.952986425520586,-1.87364330872995,-1.70303056484057,-1.20470192738353,1.2480821301499,-0.408545941079748,-0.229289634304445
"260",264,"männlich",0.127740477944861,-1.14832478345721,0.196401405512005,0.564725618197338,-0.308080739807078,0.58583736001051,0.552335853303348,-0.354941923477434
"261",265,"männlich",-0.3760416411632,-1.14832478345721,-1.04562542303317,0.564725618197338,-0.980546630489416,0.9169597450802,-0.168325492483975,-0.624743539315883
"262",266,"männlich",-0.879823760271261,-1.92967821520369,-0.217607537336386,-0.115601236714033,-0.980546630489416,0.165264851959901,-1.12920728686707,0.0405119815340044
"263",267,"männlich",-0.124150581609169,0.414382080035757,0.4034058769362,-0.352205585519568,0.588540447769372,-0.496979918179488,0.792556301899121,-0.0851403076389846
"264",268,"männlich",0.127740477944861,0.414382080035757,0.610410348360396,0.791501236501128,-0.756391333595304,-0.165857533109793,0.0718949561117991,-0.0851403076389846
"265",269,"männlich",-0.124150581609169,0.414382080035757,-0.0106030659121908,0.337949999893547,0.140229853981147,0.254714974940815,0.312115404707574,0.849916829049351
"266",270,"männlich",-0.879823760271261,-0.562309709647345,-0.838620951608973,-0.569152473321613,-0.756391333595304,-0.828102303249184,-1.12920728686707,-0.229289634304445
"267",271,"männlich",-1.63549693893335,-1.53900149933045,-0.631616480184777,-0.115601236714033,-1.20470192738353,-0.165857533109793,-1.84986863265439,-0.768892865981339
"268",272,"männlich",1.38719577571501,0.805058795908998,2.26644611975396,-1.25930805873473,1.48516163534582,0.827509622099287,0.312115404707574,0.849916829049351
"269",273,"männlich",-0.3760416411632,0.609720437972378,0.817414819784591,0.791501236501128,0.588540447769372,-0.496979918179488,-0.408545941079748,0.580115213210902
"270",274,"männlich",-0.124150581609169,0.219043722099137,-0.217607537336386,-0.578981203823359,-0.0839254429129656,2.24144928535898,0.792556301899121,-1.43414838683123
"271",275,"männlich",0.127740477944861,-0.562309709647345,-0.631616480184777,-0.115601236714033,0.36438515087526,0.58583736001051,0.312115404707574,1.1197184448878
"272",276,"männlich",-0.627932700717231,1.00039715384562,0.196401405512005,-0.569152473321613,1.0368510415576,-0.496979918179488,0.0718949561117991,0.0405119815340044
"273",277,"männlich",-0.627932700717231,-1.53900149933045,-0.838620951608973,0.337949999893547,-0.756391333595304,-0.165857533109793,-0.408545941079748,-0.229289634304445
"274",278,"männlich",0.127740477944861,0.609720437972378,0.196401405512005,0.111174381589758,0.140229853981147,-0.828102303249184,-0.168325492483975,0.310313597372454
"275",279,"männlich",-1.13171481982529,-0.366971351710725,-0.838620951608973,-0.569152473321613,-1.20470192738353,1.2480821301499,-0.168325492483975,0.310313597372454
"276",280,"männlich",0.883413656606953,-0.366971351710725,-0.424612008760582,1.01827685480492,0.812695744663485,0.58583736001051,1.75343809628222,-0.624743539315883
"277",281,"männlich",0.631522597052923,0.805058795908998,0.4034058769362,-0.80575682212715,0.36438515087526,0.827509622099287,1.0327767504949,0.580115213210902
"278",282,"männlich",-2.13927905804141,-1.53900149933045,-1.45963436588156,-1.47625494653678,-0.980546630489416,-0.165857533109793,-1.60964818405862,-1.03869448181979
"279",283,"männlich",0.127740477944861,-0.562309709647345,-0.631616480184777,0.337949999893547,0.140229853981147,0.165264851959901,-0.168325492483975,0.310313597372454
"280",284,"männlich",-1.63549693893335,-0.952986425520586,-0.631616480184777,0.337949999893547,-1.42885722427764,1.91032690028929,-0.888986838271297,-0.499091250142894
"281",285,"männlich",0.127740477944861,-0.562309709647345,-0.217607537336386,0.564725618197338,-0.308080739807078,-0.0764074101288791,-0.168325492483975,0.0405119815340044
"282",286,"männlich",-0.627932700717231,-1.53900149933045,-1.87364330872995,-1.02270370992919,-0.980546630489416,1.2480821301499,-1.36942773546285,-1.03869448181979
"283",287,"männlich",-1.13171481982529,-0.562309709647345,-0.0106030659121908,-1.47625494653678,-0.532236036701191,0.9169597450802,0.0718949561117991,0.580115213210902
"284",288,"männlich",0.379631537498892,0.219043722099137,0.196401405512005,0.564725618197338,0.588540447769372,0.58583736001051,0.552335853303348,1.38952006072625
"285",289,"männlich",-0.3760416411632,-0.757648067583965,0.610410348360396,0.111174381589758,-0.308080739807078,0.827509622099287,-0.648766389675523,0.310313597372454
"286",290,"männlich",-0.879823760271261,-0.562309709647345,0.817414819784591,0.564725618197338,-0.0839254429129656,1.15863200716898,-1.60964818405862,-1.57829771349669
"287",291,"männlich",-0.3760416411632,-0.757648067583965,-0.217607537336386,-1.47625494653678,-0.0839254429129656,-0.165857533109793,-0.168325492483975,0.184661308199464
"288",292,"männlich",-1.13171481982529,-1.14832478345721,-0.631616480184777,-0.795928091625404,-0.980546630489416,-0.496979918179488,-0.648766389675523,-1.30849609765824
"289",293,"männlich",0.631522597052923,0.219043722099137,0.196401405512005,0.564725618197338,0.588540447769372,0.165264851959901,0.792556301899121,0.580115213210902
"290",294,"männlich",-1.13171481982529,-0.366971351710725,-0.631616480184777,0.111174381589758,-1.42885722427764,0.9169597450802,-0.408545941079748,-0.229289634304445
"291",295,"männlich",1.13530471616098,1.39107386971886,0.817414819784591,-1.47625494653678,1.48516163534582,-0.165857533109793,0.792556301899121,-0.354941923477434
"292",296,"männlich",0.883413656606953,0.0237053641625163,-0.631616480184777,1.24505247310871,-0.532236036701191,-0.165857533109793,0.0718949561117991,-0.624743539315883
"293",297,"männlich",-0.3760416411632,0.609720437972378,-0.631616480184777,0.337949999893547,0.140229853981147,0.9169597450802,-0.168325492483975,0.310313597372454
"294",298,"männlich",-1.38360587937932,-0.562309709647345,-0.838620951608973,0.564725618197338,-1.87716781806587,0.58583736001051,-1.60964818405862,-0.499091250142894
"295",299,"männlich",1.38719577571501,1.19573551178224,1.02441929120879,-0.125429967215778,1.0368510415576,0.827509622099287,1.0327767504949,-0.894545155154332
"296",300,"männlich",-0.250096111386185,-0.757648067583965,-0.976623932558436,-0.493560600553683,-0.756391333595304,1.91032690028929,0.0718949561117991,-0.768892865981339
"297",301,"männlich",-0.124150581609169,-1.53900149933045,-1.25262989445736,-0.115601236714033,-0.0839254429129656,1.2480821301499,-0.168325492483975,0.849916829049351
"298",302,"männlich",1.38719577571501,0.219043722099137,-0.424612008760582,1.01827685480492,-0.0839254429129656,0.9169597450802,1.0327767504949,0.849916829049351
"299",303,"männlich",-1.38360587937932,-0.757648067583965,-0.631616480184777,-0.115601236714033,-0.756391333595304,0.9169597450802,-1.12920728686707,-0.768892865981339
"300",304,"männlich",0.379631537498892,0.0237053641625163,-0.631616480184777,0.111174381589758,-0.0839254429129656,0.9169597450802,0.0718949561117991,0.0405119815340044
"301",305,"männlich",0.379631537498892,0.219043722099137,-0.0106030659121908,1.01827685480492,0.36438515087526,-0.0764074101288791,0.312115404707574,0.0405119815340044
"302",306,"männlich",-1.63549693893335,0.609720437972378,-0.631616480184777,-0.795928091625404,-0.756391333595304,0.9169597450802,-1.84986863265439,-0.499091250142894
"303",307,"männlich",-0.3760416411632,-0.171632993774104,-0.0106030659121908,-0.115601236714033,-1.20470192738353,-0.828102303249184,-0.648766389675523,-0.499091250142894
"304",308,"männlich",-0.627932700717231,-0.366971351710725,0.196401405512005,-0.342376855017823,-0.308080739807078,0.496387237029596,-0.648766389675523,-0.499091250142894
"305",309,"männlich",2.14286895437711,1.39107386971886,1.02441929120879,-0.352205585519568,1.48516163534582,-0.496979918179488,1.75343809628222,-2.24355323434658
"306",310,"männlich",-0.627932700717231,-3.10170836282341,-1.45963436588156,-1.24947932823298,-2.10132311495998,0.58583736001051,-1.84986863265439,-2.38770256101204
"307",311,"männlich",-2.89495223670351,-1.73433985726707,-1.04562542303317,-1.47625494653678,-2.32547841185409,0.9169597450802,-3.05097087563326,-3.19710740852739
"308",312,"männlich",-1.63549693893335,-0.952986425520586,-2.28765225157834,-0.569152473321613,-1.20470192738353,1.2480821301499,-0.648766389675523,0.310313597372454
"309",313,"männlich",-0.879823760271261,-0.757648067583965,-0.424612008760582,-1.47625494653678,-1.20470192738353,0.254714974940815,-2.57052997844171,-1.30849609765824
"310",314,"männlich",-1.38360587937932,-2.12501657314031,-1.66663883730575,-1.02270370992919,-0.756391333595304,0.58583736001051,-0.888986838271297,-1.84809932933514
"311",315,"männlich",0.883413656606953,-1.53900149933045,-0.424612008760582,0.111174381589758,0.36438515087526,0.827509622099287,-0.888986838271297,-0.499091250142894
"312",316,"männlich",0.883413656606953,1.39107386971886,1.23142376263298,-0.125429967215778,0.812695744663485,0.827509622099287,-0.408545941079748,-0.229289634304445
"313",317,"männlich",0.631522597052923,0.805058795908998,1.23142376263298,0.564725618197338,0.812695744663485,0.165264851959901,0.552335853303348,-1.16434677099278
"314",318,"männlich",0.379631537498892,-0.757648067583965,0.817414819784591,0.791501236501128,-0.308080739807078,0.165264851959901,-0.888986838271297,0.310313597372454
"315",319,"männlich",0.127740477944861,-1.14832478345721,-1.25262989445736,-0.795928091625404,-1.42885722427764,0.254714974940815,-0.888986838271297,-0.229289634304445
"316",320,"männlich",0.883413656606953,1.19573551178224,2.05944164832976,-0.80575682212715,0.588540447769372,1.82087677730838,0.552335853303348,1.38952006072625
"317",321,"männlich",0.631522597052923,0.609720437972378,0.817414819784591,1.24505247310871,0.140229853981147,0.254714974940815,1.0327767504949,-1.70395000266968
"318",322,"männlich",-0.627932700717231,0.219043722099137,0.4034058769362,-0.352205585519568,-0.308080739807078,0.254714974940815,-0.168325492483975,0.310313597372454
"319",323,"männlich",0.127740477944861,-1.14832478345721,-1.45963436588156,-0.569152473321613,-0.756391333595304,-0.496979918179488,-0.168325492483975,0.0405119815340044
"320",324,"männlich",-0.124150581609169,-0.757648067583965,-0.217607537336386,0.337949999893547,-0.756391333595304,0.254714974940815,-0.408545941079748,0.310313597372454
"321",325,"männlich",-0.627932700717231,-0.757648067583965,-0.631616480184777,0.564725618197338,-0.0839254429129656,0.9169597450802,0.0718949561117991,-1.03869448181979
"322",326,"männlich",0.631522597052923,0.609720437972378,0.4034058769362,-1.03253244043094,1.0368510415576,-0.165857533109793,-0.408545941079748,1.1197184448878
"323",327,"männlich",0.883413656606953,0.609720437972378,0.817414819784591,-1.03253244043094,0.812695744663485,-1.15922468831888,0.792556301899121,0.849916829049351
"324",328,"männlich",0.379631537498892,-0.562309709647345,-0.217607537336386,0.337949999893547,-0.308080739807078,0.496387237029596,0.312115404707574,0.310313597372454
"325",329,"männlich",-0.879823760271261,-1.34366314139383,-3.11567013727512,-1.70303056484057,-1.65301252117175,2.24144928535898,-0.888986838271297,-1.30849609765824
"326",330,"männlich",-0.879823760271261,-1.14832478345721,-0.631616480184777,-1.92980618314435,-1.42885722427764,-1.49034707338857,-1.12920728686707,-1.57829771349669
"327",331,"männlich",-0.124150581609169,0.0237053641625163,-0.838620951608973,0.337949999893547,0.140229853981147,-0.828102303249184,0.312115404707574,-0.768892865981339
"328",332,"männlich",-1.88738799848738,-1.14832478345721,-1.25262989445736,-0.342376855017823,-1.65301252117175,-1.49034707338857,0.0718949561117991,0.580115213210902
"329",333,"männlich",1.13530471616098,1.39107386971886,0.196401405512005,-0.80575682212715,0.588540447769372,-0.828102303249184,0.552335853303348,-0.624743539315883
"330",334,"männlich",-0.879823760271261,-0.562309709647345,0.196401405512005,1.24505247310871,0.140229853981147,0.165264851959901,-0.648766389675523,-0.229289634304445
"331",335,"männlich",-0.627932700717231,-0.757648067583965,-0.631616480184777,-0.115601236714033,-0.308080739807078,0.165264851959901,-1.36942773546285,-1.57829771349669
"332",336,"männlich",-0.627932700717231,-1.14832478345721,-0.838620951608973,0.337949999893547,-0.980546630489416,0.165264851959901,-1.12920728686707,-1.57829771349669
"333",337,"männlich",0.631522597052923,0.609720437972378,0.196401405512005,0.791501236501128,-0.980546630489416,0.9169597450802,0.792556301899121,0.310313597372454
"334",338,"männlich",-0.627932700717231,0.414382080035757,0.4034058769362,-0.115601236714033,0.140229853981147,-1.49034707338857,0.312115404707574,0.0405119815340044
"335",339,"männlich",-0.627932700717231,-0.757648067583965,-0.217607537336386,-1.70303056484057,-0.532236036701191,-0.828102303249184,-0.888986838271297,-1.30849609765824
"336",340,"männlich",-1.13171481982529,-1.34366314139383,-2.49465672300254,-1.47625494653678,-0.756391333595304,2.24144928535898,-0.408545941079748,-0.229289634304445
"337",341,"männlich",0.127740477944861,0.414382080035757,-0.0106030659121908,-0.115601236714033,-0.308080739807078,0.496387237029596,-0.408545941079748,-0.229289634304445
"338",342,"männlich",-0.124150581609169,0.0237053641625163,-0.0106030659121908,1.69860370971629,1.0368510415576,-1.15922468831888,0.792556301899121,0.310313597372454
"339",343,"weiblich",1.261250245938,0.609720437972378,-0.148606046861655,1.32064434587664,0.36438515087526,-0.828102303249184,1.75343809628222,1.38952006072625
"340",344,"weiblich",2.64665107348517,2.17242730146534,1.64543270548137,2.37893056462767,2.38178282292227,0.496387237029596,3.19476078785686,2.7385281399185
"341",345,"weiblich",0.883413656606953,1.39107386971886,1.02441929120879,1.24505247310871,1.0368510415576,0.496387237029596,1.0327767504949,1.92912329240315
"342",346,"weiblich",0.379631537498892,0.414382080035757,0.196401405512005,0.791501236501128,0.140229853981147,-1.73201933547735,0.0718949561117991,0.580115213210902
"343",347,"weiblich",0.883413656606953,-0.757648067583965,-0.631616480184777,0.564725618197338,0.36438515087526,0.496387237029596,-0.648766389675523,0.849916829049351
"344",348,"weiblich",0.631522597052923,-0.562309709647345,0.610410348360396,0.791501236501128,0.588540447769372,-2.06314172054705,0.312115404707574,0.849916829049351
"345",349,"weiblich",1.38719577571501,0.609720437972378,0.610410348360396,1.4718280914125,1.48516163534582,0.496387237029596,1.0327767504949,1.1197184448878
"346",350,"weiblich",0.631522597052923,0.805058795908998,1.23142376263298,1.01827685480492,0.812695744663485,-2.39426410561675,-0.648766389675523,0.849916829049351
"347",351,"weiblich",1.63908683526904,1.58641222765548,2.26644611975396,2.83248180123524,2.15762752602816,-1.06977456533796,2.23387899347377,2.46872652408004
"348",352,"weiblich",1.13530471616098,0.219043722099137,0.4034058769362,1.4718280914125,1.0368510415576,-0.828102303249184,1.0327767504949,1.1197184448878
"349",353,"weiblich",0.127740477944861,-0.366971351710725,-1.25262989445736,1.01827685480492,0.36438515087526,-0.165857533109793,0.552335853303348,1.6593216765647
"350",354,"weiblich",-0.3760416411632,-1.73433985726707,-0.631616480184777,1.69860370971629,-0.0839254429129656,0.165264851959901,0.0718949561117991,1.1197184448878
"351",355,"weiblich",1.38719577571501,1.00039715384562,1.64543270548137,1.4718280914125,0.588540447769372,-0.165857533109793,1.75343809628222,1.38952006072625
"352",356,"weiblich",1.13530471616098,2.36776565940196,1.85243717690557,2.83248180123524,2.15762752602816,-1.73201933547735,1.75343809628222,1.92912329240315
"353",357,"weiblich",0.883413656606953,0.805058795908998,0.817414819784591,1.24505247310871,1.26100633845171,-1.40089695040766,1.27299719909067,1.6593216765647
"354",358,"weiblich",1.13530471616098,1.39107386971886,1.43842823405718,1.24505247310871,0.588540447769372,-1.73201933547735,0.0718949561117991,0.454462924037913
"355",359,"weiblich",-0.3760416411632,-0.366971351710725,-1.25262989445736,1.24505247310871,0.140229853981147,-1.82146945845826,0.0718949561117991,0.310313597372454
"356",360,"weiblich",0.883413656606953,0.0237053641625163,0.4034058769362,0.781672505999383,-0.0839254429129656,-0.165857533109793,0.0718949561117991,0.849916829049351
"357",361,"weiblich",0.631522597052923,0.609720437972378,-0.0106030659121908,0.564725618197338,1.26100633845171,-0.738652180268269,0.792556301899121,1.38952006072625
"358",362,"weiblich",1.13530471616098,0.805058795908998,1.02441929120879,1.01827685480492,1.0368510415576,-0.165857533109793,1.27299719909067,1.6593216765647
"359",363,"weiblich",2.14286895437711,1.39107386971886,1.64543270548137,3.05925741953903,1.0368510415576,-1.73201933547735,1.75343809628222,1.6593216765647
"360",364,"weiblich",1.13530471616098,1.7817505855921,1.64543270548137,1.92537932802008,1.93347222913405,0.165264851959901,1.99365854487799,1.6593216765647
"361",365,"weiblich",0.631522597052923,0.414382080035757,0.4034058769362,1.00844812430317,-0.0839254429129656,-0.165857533109793,-0.408545941079748,2.07327261906861
"362",366,"weiblich",0.883413656606953,0.414382080035757,0.817414819784591,1.4718280914125,0.36438515087526,-0.165857533109793,1.27299719909067,1.1197184448878
"363",367,"weiblich",0.631522597052923,-0.171632993774104,0.4034058769362,0.791501236501128,0.140229853981147,-0.496979918179488,0.0718949561117991,0.849916829049351
"364",368,"weiblich",0.127740477944861,0.609720437972378,0.196401405512005,1.46199936091075,0.140229853981147,0.165264851959901,0.552335853303348,0.310313597372454
"365",369,"weiblich",-0.3760416411632,0.414382080035757,0.196401405512005,0.791501236501128,-0.0839254429129656,0.165264851959901,1.0327767504949,1.38952006072625
"366",370,"weiblich",1.13530471616098,1.00039715384562,0.817414819784591,1.4718280914125,1.26100633845171,-2.06314172054705,0.552335853303348,1.92912329240315
"367",371,"weiblich",0.883413656606953,0.414382080035757,-0.0106030659121908,0.564725618197338,0.812695744663485,-0.828102303249184,1.27299719909067,0.580115213210902
"368",372,"weiblich",-1.38360587937932,-2.12501657314031,-0.838620951608973,2.14232621582212,-1.87716781806587,-1.49034707338857,-1.36942773546285,0.994066155714811
"369",373,"weiblich",0.883413656606953,1.39107386971886,0.817414819784591,1.24505247310871,0.812695744663485,-0.828102303249184,1.99365854487799,1.6593216765647
"370",374,"weiblich",-0.879823760271261,0.0237053641625163,-0.631616480184777,0.111174381589758,-0.308080739807078,-0.496979918179488,-0.408545941079748,1.26386777155326
"371",375,"weiblich",1.13530471616098,0.414382080035757,0.610410348360396,1.4718280914125,0.588540447769372,-1.40089695040766,1.0327767504949,1.92912329240315
"372",376,"weiblich",1.89097789482308,1.97708894352872,1.85243717690557,1.92537932802008,1.93347222913405,-2.06314172054705,1.0327767504949,2.7385281399185
"373",377,"weiblich",-0.124150581609169,0.805058795908998,-0.217607537336386,1.69860370971629,0.812695744663485,-1.82146945845826,1.0327767504949,1.1197184448878
"374",378,"weiblich",0.631522597052923,0.414382080035757,0.196401405512005,0.337949999893547,0.812695744663485,-1.82146945845826,-0.408545941079748,0.994066155714811
"375",379,"weiblich",-2.64306117714948,-1.92967821520369,-2.08064778015415,-1.24947932823298,-2.10132311495998,-2.81483661366736,-2.33030952984594,1.80347100323016
"376",380,"weiblich",0.883413656606953,0.609720437972378,-1.66663883730575,1.01827685480492,0.36438515087526,-0.496979918179488,1.0327767504949,1.6593216765647
"377",381,"weiblich",0.883413656606953,0.805058795908998,0.4034058769362,1.00844812430317,1.0368510415576,-1.40089695040766,0.552335853303348,1.38952006072625
"378",382,"weiblich",0.379631537498892,-1.14832478345721,-0.631616480184777,0.564725618197338,-0.308080739807078,-0.828102303249184,-0.408545941079748,1.80347100323016
"379",383,"weiblich",0.127740477944861,0.219043722099137,-0.0106030659121908,0.111174381589758,-0.756391333595304,-0.828102303249184,0.0718949561117991,0.724264539876362
"380",384,"weiblich",0.631522597052923,1.00039715384562,1.43842823405718,1.92537932802008,0.36438515087526,-2.06314172054705,0.552335853303348,0.454462924037913
"381",385,"weiblich",1.13530471616098,0.414382080035757,1.02441929120879,0.337949999893547,1.0368510415576,-1.06977456533796,0.0718949561117991,0.580115213210902
"382",386,"weiblich",0.631522597052923,-0.171632993774104,-0.631616480184777,0.337949999893547,0.140229853981147,-1.40089695040766,-0.648766389675523,0.994066155714811
"383",387,"weiblich",-0.124150581609169,-0.562309709647345,-0.424612008760582,-0.115601236714033,-0.308080739807078,-1.82146945845826,0.552335853303348,0.580115213210902
"384",388,"weiblich",-0.3760416411632,0.219043722099137,0.196401405512005,1.24505247310871,-0.308080739807078,-1.82146945845826,-0.648766389675523,0.724264539876362
"385",389,"weiblich",0.883413656606953,1.19573551178224,0.196401405512005,1.4718280914125,1.48516163534582,-1.06977456533796,0.792556301899121,1.38952006072625
"386",390,"weiblich",0.631522597052923,0.219043722099137,-0.424612008760582,1.24505247310871,-0.532236036701191,-0.165857533109793,-0.168325492483975,2.07327261906861
"387",391,"weiblich",-0.879823760271261,-2.12501657314031,-1.45963436588156,-0.342376855017823,-1.20470192738353,-0.828102303249184,-1.12920728686707,1.80347100323016
"388",392,"weiblich",0.883413656606953,0.609720437972378,1.02441929120879,2.37893056462767,0.588540447769372,-0.828102303249184,1.51321764768644,0.849916829049351
"389",393,"weiblich",0.379631537498892,0.805058795908998,0.817414819784591,1.69860370971629,1.26100633845171,-0.165857533109793,0.792556301899121,0.580115213210902
"390",394,"weiblich",1.13530471616098,0.609720437972378,0.196401405512005,1.69860370971629,0.812695744663485,-1.40089695040766,1.0327767504949,1.38952006072625
"391",395,"weiblich",0.379631537498892,0.414382080035757,-0.424612008760582,1.23522374260696,-0.0839254429129656,-2.48371422859766,0.552335853303348,1.6593216765647
"392",396,"weiblich",-0.879823760271261,-0.366971351710725,-0.424612008760582,0.781672505999383,-0.980546630489416,-1.82146945845826,0.0718949561117991,0.994066155714811
"393",397,"weiblich",0.127740477944861,0.219043722099137,-0.217607537336386,-0.342376855017823,-0.0839254429129656,-1.49034707338857,1.0327767504949,1.1197184448878
"394",398,"weiblich",0.883413656606953,0.805058795908998,-0.0106030659121908,0.564725618197338,0.140229853981147,-0.738652180268269,1.27299719909067,1.38952006072625
"395",399,"weiblich",-1.38360587937932,-0.366971351710725,0.4034058769362,0.111174381589758,-0.980546630489416,-0.496979918179488,-1.36942773546285,1.53366938739171
"396",400,"weiblich",-1.13171481982529,-0.562309709647345,-0.631616480184777,-0.569152473321613,-0.308080739807078,0.165264851959901,0.0718949561117991,0.994066155714811
"397",401,"weiblich",1.38719577571501,1.19573551178224,1.43842823405718,1.92537932802008,1.70931693223994,-1.40089695040766,0.792556301899121,1.6593216765647
"398",402,"weiblich",0.631522597052923,0.805058795908998,1.43842823405718,2.15215494632387,0.812695744663485,-1.06977456533796,1.27299719909067,1.38952006072625
"399",403,"weiblich",-0.879823760271261,-2.12501657314031,-1.25262989445736,-0.115601236714033,-0.756391333595304,-0.828102303249184,-1.12920728686707,1.53366938739171
"400",404,"weiblich",-0.3760416411632,-0.952986425520586,-0.838620951608973,-0.569152473321613,-0.532236036701191,-0.828102303249184,-0.888986838271297,0.994066155714811
"401",405,"weiblich",-0.627932700717231,0.0237053641625163,-0.631616480184777,1.68877497921454,-0.756391333595304,-1.49034707338857,-0.408545941079748,0.580115213210902
"402",406,"weiblich",-1.63549693893335,0.219043722099137,-0.838620951608973,-0.115601236714033,-0.532236036701191,-2.48371422859766,-0.888986838271297,2.07327261906861
"403",407,"weiblich",1.38719577571501,0.805058795908998,0.610410348360396,1.69860370971629,1.48516163534582,-1.06977456533796,1.27299719909067,2.46872652408004
"404",408,"weiblich",-2.13927905804141,-1.14832478345721,-1.66663883730575,0.337949999893547,-0.532236036701191,-1.82146945845826,-0.648766389675523,1.26386777155326
"405",409,"weiblich",0.379631537498892,-0.366971351710725,-1.04562542303317,1.46199936091075,0.140229853981147,-1.06977456533796,-0.168325492483975,0.0405119815340044
"406",410,"weiblich",0.127740477944861,0.609720437972378,-0.838620951608973,1.24505247310871,0.140229853981147,-2.15259184352796,1.51321764768644,1.6593216765647
"407",411,"weiblich",0.127740477944861,0.0237053641625163,-0.217607537336386,0.781672505999383,0.140229853981147,-0.496979918179488,0.312115404707574,0.580115213210902
"408",412,"weiblich",-1.38360587937932,-1.34366314139383,-1.25262989445736,2.14232621582212,-1.87716781806587,-2.48371422859766,-0.888986838271297,1.26386777155326
"409",413,"weiblich",-0.124150581609169,0.0237053641625163,-0.217607537336386,0.791501236501128,-0.0839254429129656,-0.828102303249184,0.0718949561117991,0.849916829049351
"410",414,"weiblich",-0.124150581609169,-1.34366314139383,-0.424612008760582,1.68877497921454,-0.308080739807078,-0.828102303249184,-0.888986838271297,0.994066155714811
"411",415,"weiblich",1.13530471616098,1.00039715384562,1.02441929120879,1.69860370971629,0.36438515087526,-1.40089695040766,1.51321764768644,1.6593216765647
"412",416,"weiblich",2.64665107348517,2.17242730146534,2.26644611975396,3.28603303784283,2.15762752602816,-2.39426410561675,1.75343809628222,3.00832975575695
"413",417,"weiblich",-0.627932700717231,-1.53900149933045,-1.66663883730575,-0.115601236714033,-0.756391333595304,-2.48371422859766,-0.408545941079748,-0.499091250142894
"414",418,"weiblich",-2.39117011759545,-1.53900149933045,-2.08064778015415,2.36910183412592,-2.10132311495998,-3.47708138380674,-1.36942773546285,1.53366938739171
"415",419,"weiblich",-1.63549693893335,-0.562309709647345,-1.04562542303317,1.91555059751833,-0.308080739807078,-1.49034707338857,-0.408545941079748,0.994066155714811
"416",420,"weiblich",0.379631537498892,0.609720437972378,0.196401405512005,1.68877497921454,0.36438515087526,-0.828102303249184,0.312115404707574,0.580115213210902
"417",421,"weiblich",0.127740477944861,0.609720437972378,-0.217607537336386,0.564725618197338,0.36438515087526,-0.496979918179488,0.792556301899121,1.38952006072625
"418",422,"weiblich",0.127740477944861,-1.14832478345721,-0.0106030659121908,1.23522374260696,0.140229853981147,-1.15922468831888,-1.36942773546285,1.80347100323016
"419",423,"weiblich",-0.879823760271261,1.00039715384562,-1.04562542303317,0.781672505999383,-0.308080739807078,-0.828102303249184,-0.648766389675523,1.26386777155326
"420",424,"weiblich",0.379631537498892,0.609720437972378,0.4034058769362,1.24505247310871,-0.756391333595304,-0.496979918179488,-0.168325492483975,0.724264539876362
"421",425,"weiblich",-1.88738799848738,-1.34366314139383,-1.04562542303317,1.68877497921454,-0.756391333595304,-1.49034707338857,-1.60964818405862,0.994066155714811
